timestamp,internal_temp_c,external_temp_c,battery_voltage_v,battery_current_a,battery_soc_percent,battery_capacity_ah,energy_available_kwh,power_load_kw,energy_loss_percent,tank_pressure_bar,structural_integrity,critical_modules_status,estimated_autonomy_min,anomalia_inserida
2026-03-17 08:00:00,24.34,-25.74,48.03,35.6,87.93,187.45,7.917,9.51,2.0,118.37,1,1,48.97,nao
2026-03-17 08:01:00,21.89,41.3,49.1,17.2,81.44,245.07,9.8001,6.12,8.0,114.31,1,1,88.36,nao
2026-03-17 08:02:00,23.12,37.07,47.97,22.0,72.38,223.2,7.7498,6.86,4.99,119.77,1,1,64.4,nao
2026-03-17 08:03:00,22.73,-52.88,47.14,15.6,92.55,209.87,9.1562,5.84,8.0,133.13,1,1,86.54,nao
2026-03-17 08:04:00,24.34,-34.53,48.79,32.4,87.39,165.6,7.0608,9.12,2.0,113.41,1,1,45.54,nao
2026-03-17 08:05:00,22.97,-8.9,48.31,16.4,66.5,165.6,5.3201,5.85,12.01,106.95,1,1,48.01,nao
2026-03-17 08:06:00,42.0,-12.74,48.9,13.2,96.44,155.81,7.3479,5.59,2.76,128.48,1,1,76.69,nao
2026-03-17 08:07:00,25.58,-3.43,47.81,47.6,92.9,236.62,10.5097,11.7,2.0,133.04,1,1,52.81,nao
2026-03-17 08:08:00,22.69,-29.59,49.85,18.0,97.99,210.11,10.2633,6.46,2.0,104.03,1,1,93.45,nao
2026-03-17 08:09:00,23.93,51.95,49.04,39.6,89.03,220.81,9.6406,29.04,2.0,109.59,1,1,19.52,nao
2026-03-17 08:10:00,23.34,15.17,48.44,22.8,84.54,152.06,6.2267,7.26,2.0,105.68,1,1,50.46,nao
2026-03-17 08:11:00,25.39,-8.67,47.63,46.8,76.73,246.99,9.0274,11.58,2.0,113.92,1,1,45.85,nao
2026-03-17 08:12:00,24.1,0.11,48.46,31.6,97.31,233.24,10.9998,8.92,2.0,118.01,1,1,72.48,nao
2026-03-17 08:13:00,22.0,4.93,48.53,18.0,94.64,171.23,7.8648,6.27,5.88,129.95,1,1,70.82,nao
2026-03-17 08:14:00,23.39,19.66,47.93,30.8,61.81,168.18,4.9824,8.86,2.0,126.05,1,1,33.05,nao
2026-03-17 08:15:00,23.31,11.51,48.27,18.8,61.05,168.34,4.9608,28.39,2.0,78.42,1,1,10.27,nao
2026-03-17 08:16:00,22.39,50.26,47.4,14.8,75.06,180.42,6.4196,5.83,3.67,114.09,1,1,63.67,nao
2026-03-17 08:17:00,24.49,9.71,47.67,34.0,92.42,202.48,8.921,9.3,2.0,133.66,1,1,56.43,nao
2026-03-17 08:18:00,23.95,57.25,44.32,31.6,38.21,193.19,3.2716,8.86,2.0,118.85,1,1,21.71,nao
2026-03-17 08:19:00,22.49,43.74,40.92,16.4,66.02,179.12,4.839,5.94,8.0,139.16,1,1,44.97,nao
2026-03-17 08:20:00,23.53,-17.98,48.33,24.4,83.77,211.19,8.5503,7.12,6.15,125.37,1,1,67.58,nao
2026-03-17 08:21:00,22.46,51.34,48.59,19.6,75.24,163.95,5.994,6.43,8.0,105.05,1,1,51.42,nao
2026-03-17 08:22:00,22.94,-38.21,49.33,20.4,98.8,179.21,8.7343,6.79,2.0,127.05,1,1,75.64,nao
2026-03-17 08:23:00,23.84,40.48,47.82,32.4,93.68,186.64,8.3613,9.13,2.0,113.0,1,1,53.83,nao
2026-03-17 08:24:00,28.93,-1.46,47.11,91.6,93.53,195.61,8.6184,19.29,2.0,127.45,1,1,26.28,nao
2026-03-17 08:25:00,24.49,46.29,48.11,40.4,78.75,228.52,8.6572,10.29,2.0,102.79,1,1,49.49,nao
2026-03-17 08:26:00,22.59,45.33,48.87,15.6,76.59,169.97,6.3623,5.97,2.78,107.0,1,1,62.21,nao
2026-03-17 08:27:00,26.01,39.37,47.49,58.0,70.94,201.42,6.7855,13.5,2.0,134.23,1,1,29.56,nao
2026-03-17 08:28:00,24.93,37.84,48.96,34.8,62.26,209.24,6.3782,9.61,2.0,109.09,1,1,39.01,nao
2026-03-17 08:29:00,23.76,-8.75,48.2,34.8,94.59,154.65,7.0508,9.41,2.0,133.48,1,1,44.06,nao
2026-03-17 08:30:00,61.33,-30.23,36.29,14.8,13.32,210.75,1.0187,46.29,31.32,42.86,1,0,0.91,sim
2026-03-17 08:31:00,22.24,0.69,48.66,16.4,99.99,167.05,8.1275,5.92,2.0,125.72,1,1,80.67,nao
2026-03-17 08:32:00,27.84,-21.34,45.87,69.2,99.87,156.51,7.1692,15.24,2.0,127.77,1,1,27.67,nao
2026-03-17 08:33:00,23.54,28.72,48.56,27.6,82.22,244.89,9.7763,7.89,4.3,120.51,1,1,71.13,nao
2026-03-17 08:34:00,23.03,-4.77,48.78,15.6,90.76,246.56,10.916,6.04,2.51,112.21,1,1,105.75,nao
2026-03-17 08:35:00,25.22,55.66,48.03,54.0,97.79,230.84,10.8432,12.93,2.0,108.51,1,1,49.33,nao
2026-03-17 08:36:00,24.15,23.53,48.05,32.4,93.99,180.46,8.1504,9.03,2.0,101.33,1,1,53.1,nao
2026-03-17 08:37:00,23.18,40.96,48.23,18.0,69.89,159.77,5.3853,6.48,2.0,112.16,1,1,48.9,nao
2026-03-17 08:38:00,26.33,-25.28,46.87,62.8,78.02,218.42,7.9872,29.98,2.0,126.13,1,1,15.67,nao
2026-03-17 08:39:00,27.95,44.75,47.18,71.6,65.17,194.02,5.9653,15.84,2.0,137.53,1,1,22.14,nao
2026-03-17 08:40:00,37.86,50.58,47.07,44.4,98.16,162.2,7.4943,11.09,2.0,134.85,1,1,39.74,nao
2026-03-17 08:41:00,23.01,8.76,47.36,14.0,84.25,199.52,7.9603,5.62,4.85,130.64,1,1,80.89,nao
2026-03-17 08:42:00,64.91,20.2,36.14,33.2,12.0,153.44,0.6654,43.61,25.29,46.51,1,0,0.68,sim
2026-03-17 08:43:00,24.05,35.42,47.71,34.8,86.87,240.93,9.9845,9.47,2.0,126.6,1,1,61.99,nao
2026-03-17 08:44:00,22.23,-21.22,48.29,15.6,84.73,175.88,7.1958,5.91,2.0,110.41,1,1,71.57,nao
2026-03-17 08:45:00,23.32,10.25,48.98,17.2,74.33,216.25,7.8733,6.18,2.0,136.29,1,1,74.89,nao
2026-03-17 08:46:00,39.15,0.27,48.78,16.4,64.54,181.17,5.7037,5.92,8.0,126.83,1,1,53.18,nao
2026-03-17 08:47:00,22.34,-23.95,44.5,18.0,86.86,202.01,7.8082,6.2,8.0,122.42,1,1,69.52,nao
2026-03-17 08:48:00,23.81,-2.72,47.95,32.4,80.81,204.67,7.9316,9.04,2.0,104.44,1,1,51.57,nao
2026-03-17 08:49:00,22.67,-31.46,48.39,18.8,90.89,168.49,7.4102,6.62,2.0,117.88,1,1,65.82,nao
2026-03-17 08:50:00,23.18,-52.95,48.37,30.0,80.81,246.96,9.6531,8.7,2.0,118.41,1,1,65.24,nao
2026-03-17 08:51:00,60.33,-25.02,30.26,50.0,13.97,227.51,0.9618,41.49,21.51,47.22,1,0,1.09,sim
2026-03-17 08:52:00,21.93,54.46,48.71,15.6,82.08,243.95,9.7534,5.86,11.28,74.83,1,1,88.6,nao
2026-03-17 08:53:00,22.13,14.75,48.11,16.4,82.44,239.48,9.4973,6.02,7.35,115.22,1,1,87.7,nao
2026-03-17 08:54:00,22.29,54.72,47.89,14.0,95.07,209.79,9.5515,5.62,4.51,139.07,1,1,97.41,nao
2026-03-17 08:55:00,22.6,3.52,49.17,15.6,76.14,242.19,9.0666,5.96,2.0,104.43,1,1,89.45,nao
2026-03-17 08:56:00,25.17,-8.07,48.17,36.4,65.36,158.85,5.0017,9.79,2.0,116.9,1,1,30.05,nao
2026-03-17 08:57:00,22.16,-53.63,47.75,18.0,37.43,169.6,3.0312,6.33,5.65,101.68,1,1,27.11,nao
2026-03-17 08:58:00,23.08,4.19,48.33,17.2,90.21,154.52,6.7363,6.18,5.28,129.6,1,1,61.99,nao
2026-03-17 08:59:00,24.38,-27.86,47.51,38.0,84.81,182.53,7.3554,9.98,2.0,136.72,1,1,43.34,nao
2026-03-17 09:00:00,24.64,23.52,48.12,39.6,88.16,188.87,8.0132,10.33,2.0,111.2,1,1,45.59,nao
2026-03-17 09:01:00,24.43,-17.26,48.29,33.2,68.52,177.13,5.8607,9.18,2.0,134.33,1,1,37.53,nao
2026-03-17 09:02:00,21.98,21.48,48.39,16.4,65.45,232.87,7.3753,29.95,2.0,111.69,1,1,14.48,nao
2026-03-17 09:03:00,22.86,24.42,48.5,18.0,60.58,185.68,5.4558,6.33,2.83,136.43,1,1,50.24,nao
2026-03-17 09:04:00,22.58,-23.41,48.15,15.6,54.47,178.09,4.6708,6.0,2.0,130.16,1,1,45.77,nao
2026-03-17 09:05:00,22.65,-32.11,48.23,14.8,83.6,204.27,8.2355,5.8,2.0,132.2,1,1,83.43,nao
2026-03-17 09:06:00,22.46,36.95,48.89,14.0,75.69,164.09,6.0724,5.64,6.14,100.72,1,1,60.68,nao
2026-03-17 09:07:00,23.61,6.14,47.74,14.8,77.5,230.22,8.517,5.76,4.31,138.51,1,1,84.95,nao
2026-03-17 09:08:00,25.63,-32.42,47.95,54.0,96.17,157.46,7.2611,12.9,2.0,129.07,1,1,33.09,nao
2026-03-17 09:09:00,25.17,57.51,43.42,48.4,41.9,248.69,4.5244,11.87,2.0,86.57,1,1,22.41,nao
2026-03-17 09:10:00,22.11,-32.45,47.59,15.6,80.56,227.22,8.7121,5.85,8.0,133.18,1,1,82.26,nao
2026-03-17 09:11:00,30.76,28.72,46.56,114.0,91.35,169.87,7.2245,23.08,2.0,111.26,1,1,18.4,nao
2026-03-17 09:12:00,23.44,56.43,48.38,34.8,75.86,150.55,5.526,8.52,2.0,134.91,1,1,38.16,nao
2026-03-17 09:13:00,23.61,-15.04,48.03,21.2,84.88,231.55,9.4408,7.03,2.0,104.5,1,1,78.99,nao
2026-03-17 09:14:00,28.65,-24.34,46.93,78.0,94.49,220.69,9.7858,16.88,2.0,128.15,1,1,34.09,nao
2026-03-17 09:15:00,23.95,-26.35,48.19,34.8,97.98,222.9,10.5247,9.46,2.0,121.63,1,1,65.39,nao
2026-03-17 09:16:00,23.58,-8.89,47.73,32.4,65.88,227.13,7.1419,8.99,2.0,103.86,1,1,46.71,nao
2026-03-17 09:17:00,28.13,-28.3,47.81,78.8,97.06,157.4,7.3048,16.78,2.0,109.68,1,1,25.59,nao
2026-03-17 09:18:00,23.92,28.45,47.54,40.4,79.68,185.85,7.0403,9.39,7.32,100.5,1,1,41.71,nao
2026-03-17 09:19:00,22.71,-32.02,48.9,14.0,70.33,161.59,5.5572,5.79,2.0,118.75,1,1,56.42,nao
2026-03-17 09:20:00,22.46,10.9,48.17,14.0,78.37,236.31,8.9197,5.72,2.0,112.05,1,1,91.69,nao
2026-03-17 09:21:00,21.67,57.68,48.73,14.8,99.2,212.33,10.2638,5.85,2.05,123.93,1,1,103.07,nao
2026-03-17 09:22:00,23.02,40.14,48.38,13.2,79.7,183.09,7.0602,5.49,2.0,111.89,1,1,75.59,nao
2026-03-17 09:23:00,23.15,21.06,48.38,14.0,73.15,156.36,5.5336,32.36,2.0,112.0,1,1,10.05,nao
2026-03-17 09:24:00,39.38,-8.6,49.16,14.8,85.34,181.1,7.5977,5.85,2.0,129.73,1,1,76.37,nao
2026-03-17 09:25:00,22.38,21.89,48.56,17.2,69.61,182.52,6.1695,6.14,2.0,101.93,1,1,59.08,nao
2026-03-17 09:26:00,22.38,12.6,47.95,12.4,33.04,222.96,3.5323,5.47,2.0,136.12,1,1,37.97,nao
2026-03-17 09:27:00,22.83,2.9,47.54,17.2,65.16,213.76,6.6205,6.32,2.0,134.09,1,1,61.6,nao
2026-03-17 09:28:00,22.68,-25.45,48.23,14.0,65.12,238.72,7.4972,5.7,5.51,126.71,1,1,74.54,nao
2026-03-17 09:29:00,23.59,47.11,48.29,17.2,66.08,197.22,6.2925,6.16,7.97,123.73,1,1,56.37,nao
2026-03-17 09:30:00,24.99,5.18,47.68,44.4,65.55,161.96,5.0626,11.16,2.0,135.69,1,1,26.68,nao
2026-03-17 09:31:00,21.81,-19.32,48.55,12.4,85.63,221.32,9.2017,5.41,2.0,107.41,1,1,99.94,nao
2026-03-17 09:32:00,21.57,-2.7,48.1,13.2,67.28,226.08,7.3164,5.53,8.0,103.16,1,1,73.06,nao
2026-03-17 09:33:00,38.56,1.76,46.29,34.8,31.55,206.13,3.0104,9.31,2.0,109.58,1,1,19.01,nao
2026-03-17 09:34:00,22.47,41.44,47.65,15.6,95.87,227.1,10.374,5.97,2.0,131.78,1,1,102.14,nao
2026-03-17 09:35:00,23.36,32.43,48.78,14.8,78.96,199.38,7.6796,5.93,2.0,101.39,1,1,76.15,nao
2026-03-17 09:36:00,26.87,35.85,48.11,66.8,86.7,202.27,8.437,31.94,2.0,123.31,1,1,15.53,nao
2026-03-17 09:37:00,25.35,-36.94,47.46,46.8,66.89,192.75,6.1189,11.48,2.0,139.82,1,1,31.34,nao
2026-03-17 09:38:00,22.29,1.95,48.0,14.0,67.69,152.54,4.9562,5.6,7.7,70.99,1,1,49.01,nao
2026-03-17 09:39:00,22.99,8.21,48.27,14.8,61.63,160.79,4.7833,5.8,5.35,71.45,1,1,46.84,nao
2026-03-17 09:40:00,23.73,-36.16,48.61,15.6,66.76,153.14,4.9694,5.93,2.97,102.55,1,1,48.78,nao
2026-03-17 09:41:00,21.94,-13.06,48.37,12.4,71.14,213.64,7.3515,5.42,2.0,133.25,1,1,79.75,nao
2026-03-17 09:42:00,22.23,34.99,42.77,15.6,67.08,181.44,5.2055,5.94,2.0,123.96,1,1,51.53,nao
2026-03-17 09:43:00,41.33,-24.84,47.88,46.0,63.55,200.86,6.1117,11.42,2.0,104.6,1,1,31.47,nao
2026-03-17 09:44:00,22.79,13.39,48.63,14.8,64.83,240.76,7.5894,5.89,2.0,103.75,1,1,75.71,nao
2026-03-17 09:45:00,25.35,-17.34,48.55,36.4,78.43,174.93,6.6616,9.85,2.0,136.39,1,1,39.75,nao
2026-03-17 09:46:00,24.5,-36.84,47.35,34.8,68.25,191.04,6.1745,9.42,2.0,126.77,1,1,38.53,nao
2026-03-17 09:47:00,22.35,-14.84,48.56,15.6,74.57,225.56,8.1684,6.06,2.35,133.17,1,1,79.02,nao
2026-03-17 09:48:00,24.53,55.68,46.56,35.6,80.14,172.88,6.4507,9.46,2.0,81.24,1,1,40.1,nao
2026-03-17 09:49:00,24.86,38.95,48.16,35.6,87.62,157.7,6.6542,9.61,2.0,122.87,1,1,40.7,nao
2026-03-17 09:50:00,24.77,54.12,48.57,35.6,61.57,178.98,5.3519,9.71,2.0,120.7,1,1,32.41,nao
2026-03-17 09:51:00,24.74,8.83,47.82,37.2,91.98,166.12,7.3069,9.97,2.0,117.22,1,1,43.08,nao
2026-03-17 09:52:00,24.77,-27.47,49.2,34.0,85.12,242.97,10.1754,9.48,2.0,77.37,1,1,63.11,nao
2026-03-17 09:53:00,25.27,14.6,48.14,39.6,63.27,230.81,7.0296,10.38,2.0,117.38,1,1,39.84,nao
2026-03-17 09:54:00,23.12,5.62,48.59,14.8,52.75,213.34,5.4682,5.86,3.78,130.96,1,1,53.87,nao
2026-03-17 09:55:00,25.01,43.06,48.65,40.4,96.83,237.15,11.1711,10.36,2.0,124.08,1,1,63.38,nao
2026-03-17 09:56:00,24.16,-28.58,48.31,34.8,62.44,230.37,6.9496,9.49,2.0,135.7,1,1,43.04,nao
2026-03-17 09:57:00,22.4,8.87,40.97,13.2,71.08,168.66,4.9116,5.65,2.0,117.74,1,1,51.12,nao
2026-03-17 09:58:00,24.82,-23.6,48.46,34.0,46.46,239.26,5.3868,9.43,2.0,124.28,1,1,33.59,nao
2026-03-17 09:59:00,22.3,-6.83,48.54,18.0,89.93,203.93,8.9029,6.42,2.0,125.25,1,1,81.52,nao
2026-03-17 10:00:00,22.72,32.79,48.34,17.2,67.38,230.74,7.5151,6.06,8.0,123.67,1,1,68.43,nao
2026-03-17 10:01:00,22.3,7.7,48.28,16.4,68.37,239.61,7.9093,32.75,8.0,128.11,1,1,13.33,nao
2026-03-17 10:02:00,24.38,-1.91,48.72,35.6,55.29,181.8,4.8972,9.72,2.0,109.5,1,1,29.63,nao
2026-03-17 10:03:00,23.16,-0.13,48.91,15.6,79.38,161.01,6.2513,6.05,2.38,120.49,1,1,60.52,nao
2026-03-17 10:04:00,22.5,-53.2,49.93,14.8,84.73,172.79,7.31,5.81,2.0,104.17,1,1,73.98,nao
2026-03-17 10:05:00,22.21,37.36,47.37,12.4,38.99,192.71,3.5593,5.37,2.0,115.38,1,1,38.97,nao
2026-03-17 10:06:00,21.65,47.64,49.84,13.2,78.5,231.8,9.0693,5.67,2.0,119.51,1,1,94.12,nao
2026-03-17 10:07:00,22.73,53.71,48.49,14.0,89.9,236.07,10.2909,5.71,4.83,126.09,1,1,102.95,nao
2026-03-17 10:08:00,26.0,37.54,48.22,50.0,61.47,150.7,4.4665,12.35,2.0,138.02,1,1,21.27,nao
2026-03-17 10:09:00,23.47,-7.72,49.64,14.0,70.1,201.07,6.9961,5.78,2.0,124.03,1,1,71.17,nao
2026-03-17 10:10:00,23.93,28.06,47.36,33.2,88.53,191.74,8.0392,9.16,2.0,91.14,1,1,51.61,nao
2026-03-17 10:11:00,22.49,-43.55,48.85,14.0,95.81,172.21,8.06,5.77,10.73,81.02,1,1,74.82,nao
2026-03-17 10:12:00,24.37,-13.55,46.29,35.6,80.47,161.99,6.0342,9.5,2.0,125.36,1,1,37.35,nao
2026-03-17 10:13:00,23.46,42.72,48.33,18.0,81.28,183.76,7.2187,6.34,2.0,102.84,1,1,66.97,nao
2026-03-17 10:14:00,22.35,-34.31,48.69,14.8,64.29,244.29,7.6463,5.8,2.0,110.18,1,1,77.54,nao
2026-03-17 10:15:00,22.65,48.57,48.85,15.6,77.9,182.32,6.9374,6.02,2.0,114.47,1,1,67.76,nao
2026-03-17 10:16:00,25.01,6.3,47.99,40.4,81.3,201.88,7.8776,10.41,2.0,118.9,1,1,44.49,nao
2026-03-17 10:17:00,22.53,23.17,48.41,14.8,69.7,220.3,7.4336,5.86,2.67,101.83,1,1,74.03,nao
2026-03-17 10:18:00,24.02,25.3,49.63,34.0,70.77,186.36,6.5462,9.48,2.0,105.6,1,1,40.59,nao
2026-03-17 10:19:00,24.64,47.93,48.24,38.0,75.09,247.18,8.9542,10.08,2.0,111.07,1,1,52.22,nao
2026-03-17 10:20:00,26.68,23.12,46.99,57.2,60.8,246.24,7.0358,13.29,2.0,138.86,1,1,31.12,nao
2026-03-17 10:21:00,23.65,20.94,48.79,33.2,72.88,175.18,6.2291,9.32,9.04,77.42,1,1,36.48,nao
2026-03-17 10:22:00,24.53,-31.6,49.28,36.4,68.46,199.72,6.7377,9.93,2.0,119.28,1,1,39.89,nao
2026-03-17 10:23:00,23.89,11.77,48.51,34.8,73.1,180.09,6.3861,9.49,13.35,107.84,1,1,34.99,nao
2026-03-17 10:24:00,62.07,-23.58,32.74,15.6,12.73,178.48,0.7439,47.95,22.02,58.75,0,1,0.73,sim
2026-03-17 10:25:00,22.13,32.79,47.73,20.4,95.62,153.69,7.0143,6.79,2.0,111.23,1,1,60.76,nao
2026-03-17 10:26:00,22.24,11.17,43.37,16.4,83.74,210.96,7.6617,6.03,8.0,108.28,1,1,70.14,nao
2026-03-17 10:27:00,22.58,27.3,48.24,14.8,87.16,200.27,8.4212,5.79,4.94,120.66,1,1,83.01,nao
2026-03-17 10:28:00,28.58,-34.0,47.34,75.6,91.57,155.15,6.725,16.6,2.0,100.22,1,1,23.82,nao
2026-03-17 10:29:00,22.85,-29.86,49.39,21.2,79.94,177.86,7.0223,6.76,2.0,100.31,1,1,61.05,nao
2026-03-17 10:30:00,22.13,30.77,47.28,15.6,38.73,240.83,4.41,5.81,8.0,108.76,1,1,41.9,nao
2026-03-17 10:31:00,23.74,-31.08,46.91,22.0,81.48,173.96,6.6493,6.6,2.0,101.47,1,1,59.22,nao
2026-03-17 10:32:00,21.4,-31.16,48.14,10.8,83.47,164.49,6.6096,5.24,11.06,104.32,1,1,67.31,nao
2026-03-17 10:33:00,22.24,-36.84,48.1,26.8,89.82,198.95,8.5949,7.69,2.0,113.55,1,1,65.74,nao
2026-03-17 10:34:00,40.32,-42.2,48.69,14.8,77.27,248.57,9.3519,5.83,2.46,132.1,1,1,93.88,nao
2026-03-17 10:35:00,23.89,32.8,47.01,34.0,65.1,174.21,5.3313,9.29,2.0,122.88,1,1,33.74,nao
2026-03-17 10:36:00,22.17,-4.09,48.96,18.8,71.35,217.21,7.5877,6.36,2.28,120.51,1,1,69.93,nao
2026-03-17 10:37:00,27.64,-49.2,47.14,69.2,74.52,226.16,7.9447,15.57,2.0,111.74,1,1,30.0,nao
2026-03-17 10:38:00,22.6,-4.43,48.05,15.6,85.84,173.76,7.1669,26.85,2.42,137.27,1,1,15.63,nao
2026-03-17 10:39:00,22.03,36.37,48.38,14.0,82.83,222.82,8.93,5.63,8.0,115.88,1,1,87.56,nao
2026-03-17 10:40:00,21.74,25.49,48.51,14.0,74.24,186.78,6.7267,5.76,11.77,103.48,1,1,61.82,nao
2026-03-17 10:41:00,22.94,-20.22,48.38,15.6,99.46,213.23,10.2609,6.01,2.0,124.68,1,1,100.32,nao
2026-03-17 10:42:00,22.53,-21.29,42.11,12.4,84.23,213.35,7.5674,5.41,2.0,104.55,1,1,82.25,nao
2026-03-17 10:43:00,24.34,-28.55,47.98,36.4,33.74,203.58,3.2956,9.77,2.0,113.81,1,1,19.83,nao
2026-03-17 10:44:00,25.53,25.39,47.79,38.8,64.07,159.03,4.8692,10.21,2.0,120.3,1,1,28.03,nao
2026-03-17 10:45:00,24.16,35.38,48.62,39.6,66.11,233.53,7.5063,31.35,2.0,134.97,1,1,14.08,nao
2026-03-17 10:46:00,21.41,-12.56,48.51,11.6,69.84,182.08,6.1688,5.34,11.48,119.74,1,1,61.36,nao
2026-03-17 10:47:00,24.92,-35.99,48.09,46.0,66.43,168.65,5.3873,11.52,2.0,128.09,1,1,27.49,nao
2026-03-17 10:48:00,59.78,-30.11,34.66,18.8,10.95,154.08,0.5848,50.11,29.2,41.24,1,0,0.5,sim
2026-03-17 10:49:00,24.08,54.91,48.49,31.6,71.4,209.09,7.2391,8.92,2.0,77.06,1,1,47.72,nao
2026-03-17 10:50:00,24.38,-9.64,48.49,37.2,66.93,217.76,7.0683,10.01,2.0,110.99,1,1,41.52,nao
2026-03-17 10:51:00,22.76,35.85,48.24,17.2,95.87,151.66,7.0145,6.16,5.51,115.78,1,1,64.58,nao
2026-03-17 10:52:00,22.17,21.97,48.21,20.4,63.21,201.21,6.131,6.6,2.0,116.87,1,1,54.65,nao
2026-03-17 10:53:00,23.57,-1.33,48.38,18.8,80.98,172.65,6.7636,6.7,2.0,116.44,1,1,59.38,nao
2026-03-17 10:54:00,24.14,-18.25,47.46,34.8,76.42,214.52,7.7802,9.36,2.0,136.3,1,1,48.87,nao
2026-03-17 10:55:00,37.93,-26.35,46.9,57.2,99.3,167.44,7.798,13.26,2.0,128.56,1,1,34.58,nao
2026-03-17 10:56:00,22.54,21.04,48.64,14.8,64.48,219.09,6.8711,5.74,6.54,124.32,1,1,67.15,nao
2026-03-17 10:57:00,23.0,36.36,46.66,18.8,75.91,188.67,6.6837,6.54,2.95,112.37,1,1,59.55,nao
2026-03-17 10:58:00,22.61,23.81,48.57,13.2,98.78,243.67,11.6907,5.65,2.0,80.4,1,1,121.67,nao
2026-03-17 10:59:00,39.32,12.91,47.84,31.6,94.62,163.75,7.4123,8.95,2.0,138.2,1,1,48.7,nao
2026-03-17 11:00:00,22.65,-33.97,47.64,14.0,92.68,184.11,8.1294,5.65,5.53,132.85,1,1,81.5,nao
2026-03-17 11:01:00,24.8,54.97,49.82,32.4,70.32,161.35,5.6526,28.56,2.0,100.06,1,1,11.64,nao
2026-03-17 11:02:00,22.93,38.68,47.17,20.4,66.84,242.47,7.6435,6.67,2.0,125.46,1,1,67.4,nao
2026-03-17 11:03:00,26.46,-9.89,48.89,55.6,86.75,237.73,10.0815,13.22,2.0,102.05,1,1,44.84,nao
2026-03-17 11:04:00,22.5,56.08,48.3,16.4,97.18,175.79,8.2503,6.08,2.0,110.3,1,1,79.79,nao
2026-03-17 11:05:00,23.13,19.78,48.12,15.6,82.27,216.0,8.5514,5.81,8.0,102.38,1,1,81.25,nao
2026-03-17 11:06:00,22.06,17.91,48.48,14.8,82.86,231.72,9.3085,5.8,2.0,124.15,1,1,94.4,nao
2026-03-17 11:07:00,23.4,33.82,40.69,15.6,71.2,205.52,5.9542,5.99,3.2,127.46,1,1,57.73,nao
2026-03-17 11:08:00,22.79,39.93,43.08,19.6,90.78,202.97,7.9378,6.63,2.0,104.58,1,1,70.4,nao
2026-03-17 11:09:00,24.2,-39.03,47.21,42.8,67.48,174.19,5.5492,10.83,2.0,115.35,1,1,30.13,nao
2026-03-17 11:10:00,22.84,-25.7,48.59,21.2,72.95,159.31,5.647,6.55,7.43,118.25,1,1,47.9,nao
2026-03-17 11:11:00,24.01,-36.94,47.32,36.4,77.02,239.72,8.7368,9.7,2.0,114.76,1,1,52.96,nao
2026-03-17 11:12:00,22.89,51.1,48.35,16.4,80.3,240.04,9.3209,5.93,8.0,104.84,1,1,86.76,nao
2026-03-17 11:13:00,22.53,-16.44,47.91,19.6,69.7,213.31,7.1222,6.72,2.0,116.76,1,1,62.3,nao
2026-03-17 11:14:00,24.2,-2.27,47.57,37.2,64.59,183.9,5.6508,9.85,2.0,130.05,1,1,33.72,nao
2026-03-17 11:15:00,23.86,3.48,48.08,42.0,84.42,184.92,7.5057,10.61,10.58,102.84,1,1,37.95,nao
2026-03-17 11:16:00,22.4,4.18,48.63,16.4,71.55,222.6,7.7453,27.21,2.0,86.16,1,1,16.74,nao
2026-03-17 11:17:00,22.84,20.84,48.03,32.4,83.25,239.71,9.5852,9.1,2.0,114.19,1,1,61.95,nao
2026-03-17 11:18:00,24.87,52.54,48.36,50.0,66.17,238.71,7.6392,12.31,2.0,137.67,1,1,36.48,nao
2026-03-17 11:19:00,22.88,-14.89,41.33,16.4,79.25,227.99,7.4676,6.0,2.0,126.74,1,1,73.18,nao
2026-03-17 11:20:00,23.37,-26.34,48.53,21.2,81.3,214.2,8.4524,6.95,2.34,127.15,1,1,71.27,nao
2026-03-17 11:21:00,24.69,-19.04,47.97,37.2,62.07,158.41,4.7174,9.96,2.0,114.48,1,1,27.86,nao
2026-03-17 11:22:00,21.98,47.14,48.57,14.8,73.46,166.16,5.9287,5.93,2.6,123.75,1,1,58.43,nao
2026-03-17 11:23:00,24.04,24.0,48.5,33.2,65.38,239.86,7.6053,9.13,2.0,100.41,1,1,48.96,nao
2026-03-17 11:24:00,22.46,-10.55,48.9,14.8,57.83,210.64,5.9567,5.92,2.44,125.44,1,1,58.9,nao
2026-03-17 11:25:00,22.12,40.33,48.38,19.6,99.6,150.92,7.2722,6.4,7.71,136.53,1,1,62.94,nao
2026-03-17 11:26:00,23.21,44.69,48.11,14.8,72.89,160.15,5.6158,5.92,2.0,124.5,1,1,55.74,nao
2026-03-17 11:27:00,29.15,43.27,47.48,85.2,92.39,216.35,9.4907,18.43,2.0,134.95,1,1,30.28,nao
2026-03-17 11:28:00,22.25,50.22,48.81,14.0,70.19,150.51,5.1562,5.73,2.0,128.96,1,1,52.95,nao
2026-03-17 11:29:00,22.4,-13.78,48.42,14.0,87.26,166.08,7.0168,5.77,2.0,104.82,1,1,71.53,nao
2026-03-17 11:30:00,24.01,34.48,47.72,30.8,90.41,204.87,8.8389,8.81,2.0,136.1,1,1,58.99,nao
2026-03-17 11:31:00,21.34,6.21,48.58,14.0,83.83,219.19,8.9256,5.73,3.66,102.66,1,1,90.11,nao
2026-03-17 11:32:00,22.37,42.83,47.96,15.6,78.86,215.2,8.1396,5.98,2.0,121.36,1,1,80.06,nao
2026-03-17 11:33:00,23.81,31.94,48.58,33.2,76.47,172.43,6.4053,9.3,2.0,105.69,1,1,40.52,nao
2026-03-17 11:34:00,36.19,36.54,47.89,33.2,73.95,221.22,7.8344,26.2,2.0,100.47,1,1,17.58,nao
2026-03-17 11:35:00,22.37,24.99,48.04,16.4,97.18,173.72,8.1108,6.01,7.98,116.88,1,1,74.46,nao
2026-03-17 11:36:00,23.37,-20.97,43.72,14.8,93.22,182.54,7.4396,31.67,14.98,111.8,1,1,11.98,nao
2026-03-17 11:37:00,25.01,14.32,47.37,40.4,98.6,224.65,10.4928,10.38,2.0,119.44,1,1,59.46,nao
2026-03-17 11:38:00,22.61,56.53,41.12,19.6,64.97,214.96,5.7428,6.79,2.0,123.09,1,1,49.73,nao
2026-03-17 11:39:00,22.63,51.99,48.36,13.2,89.23,234.92,10.137,5.68,2.0,101.75,1,1,104.98,nao
2026-03-17 11:40:00,23.15,-33.86,47.92,14.8,97.53,215.76,10.0851,5.89,2.89,104.92,1,1,99.7,nao
2026-03-17 11:41:00,23.53,-22.18,48.31,22.8,67.25,206.83,6.7196,7.14,2.0,122.35,1,1,55.37,nao
2026-03-17 11:42:00,58.76,-25.35,32.39,61.2,10.27,159.37,0.5301,45.2,21.41,42.62,0,1,0.55,sim
2026-03-17 11:43:00,23.97,31.69,49.05,34.8,89.64,186.77,8.2128,9.59,2.0,129.17,1,1,50.36,nao
2026-03-17 11:44:00,25.09,40.51,41.7,41.2,82.98,176.52,6.1081,10.49,2.0,126.09,1,1,34.24,nao
2026-03-17 11:45:00,22.86,-17.5,48.53,18.0,93.67,174.4,7.9278,6.33,6.65,133.82,1,1,70.19,nao
2026-03-17 11:46:00,24.48,10.56,47.93,32.4,65.59,247.3,7.7743,9.07,2.0,127.7,1,1,50.38,nao
2026-03-17 11:47:00,23.56,42.71,48.94,24.4,91.81,189.31,8.5061,7.48,2.24,117.2,1,1,66.72,nao
2026-03-17 11:48:00,24.79,32.35,48.37,34.8,68.07,239.2,7.8747,9.52,2.0,126.92,1,1,48.62,nao
2026-03-17 11:49:00,24.14,14.05,48.12,36.4,66.55,213.11,6.8241,9.81,2.0,111.02,1,1,40.89,nao
2026-03-17 11:50:00,23.01,18.67,48.08,14.0,66.57,229.48,7.3444,5.7,5.51,112.25,1,1,73.03,nao
2026-03-17 11:51:00,39.54,10.8,48.46,16.4,92.58,200.26,8.9845,6.09,2.0,131.56,1,1,86.75,nao
2026-03-17 11:52:00,23.36,-9.44,48.1,14.0,86.61,207.69,8.6528,5.64,2.0,117.86,1,1,90.18,nao
2026-03-17 11:53:00,24.35,16.24,47.7,40.4,40.46,199.25,3.8454,10.39,2.0,131.94,1,1,21.76,nao
2026-03-17 11:54:00,25.33,28.13,48.11,42.8,74.35,169.52,6.0641,9.92,2.0,132.9,1,1,35.94,nao
2026-03-17 11:55:00,23.65,45.84,48.18,27.6,95.09,222.25,10.1827,8.1,2.53,134.3,1,1,73.5,nao
2026-03-17 11:56:00,22.54,23.08,48.51,19.6,75.7,178.08,6.5395,6.72,2.0,88.04,1,1,57.22,nao
2026-03-17 11:57:00,23.8,35.07,47.11,34.0,92.66,152.43,6.6537,9.07,2.0,117.24,1,1,43.12,nao
2026-03-17 11:58:00,23.84,-22.63,48.05,32.4,77.57,214.55,7.9968,34.28,2.0,112.75,1,1,13.72,nao
2026-03-17 11:59:00,22.41,6.31,48.28,12.4,75.08,167.71,6.0791,5.4,2.0,123.29,1,1,66.17,nao
2026-03-17 12:00:00,24.83,-37.1,47.46,39.6,78.51,244.05,9.0923,10.14,2.0,114.85,1,1,52.71,nao
2026-03-17 12:01:00,24.26,-14.32,48.23,38.0,72.06,245.39,8.5279,10.09,2.0,124.04,1,1,49.71,nao
2026-03-17 12:02:00,22.27,31.74,48.17,13.2,89.9,241.49,10.4572,5.56,2.0,128.22,1,1,110.51,nao
2026-03-17 12:03:00,25.06,57.21,48.17,31.6,80.11,187.02,7.2163,8.98,2.0,127.54,1,1,47.26,nao
2026-03-17 12:04:00,23.65,-28.48,48.19,19.6,69.29,151.55,5.0603,6.57,2.0,114.98,1,1,45.32,nao
2026-03-17 12:05:00,24.01,0.54,46.69,30.0,95.98,242.83,10.8824,8.59,2.0,106.67,1,1,74.51,nao
2026-03-17 12:06:00,22.37,38.81,43.12,14.0,75.36,192.82,6.2657,5.7,4.31,117.22,1,1,63.11,nao
2026-03-17 12:07:00,27.55,-18.41,47.55,74.8,81.74,246.67,9.5875,15.98,2.0,105.7,1,1,35.28,nao
2026-03-17 12:08:00,22.67,15.29,48.52,14.0,96.26,246.36,11.5063,33.42,2.0,135.6,1,1,20.24,nao
2026-03-17 12:09:00,21.85,32.37,48.37,14.0,84.97,235.3,9.67,5.73,2.0,113.84,1,1,99.2,nao
2026-03-17 12:10:00,22.56,21.13,48.28,18.8,64.68,179.44,5.6028,6.39,2.0,106.18,1,1,51.59,nao
2026-03-17 12:11:00,36.66,-19.95,48.08,31.6,97.59,188.51,8.8451,8.96,2.0,101.02,1,1,58.05,nao
2026-03-17 12:12:00,22.88,-3.88,48.66,18.0,85.11,235.11,9.7365,6.36,3.24,125.83,1,1,88.85,nao
2026-03-17 12:13:00,25.13,37.24,46.02,42.0,73.4,181.69,6.1375,10.6,2.0,125.48,1,1,34.03,nao
2026-03-17 12:14:00,22.15,15.21,48.54,14.8,65.57,166.95,5.3139,5.79,4.81,113.62,1,1,52.46,nao
2026-03-17 12:15:00,23.22,-37.5,48.44,14.8,91.76,205.68,9.1419,5.87,3.47,102.87,1,1,90.2,nao
2026-03-17 12:16:00,24.41,35.06,47.84,43.6,84.8,243.62,9.8842,11.04,2.0,116.39,1,1,52.66,nao
2026-03-17 12:17:00,21.67,-34.61,44.58,14.8,81.34,219.6,7.963,5.81,2.0,112.45,1,1,80.59,nao
2026-03-17 12:18:00,22.59,33.59,48.19,16.4,95.76,207.01,9.5522,5.95,8.0,127.08,1,1,88.65,nao
2026-03-17 12:19:00,22.83,-18.56,48.16,13.2,91.54,159.72,7.0414,32.04,2.0,124.23,1,1,12.92,nao
2026-03-17 12:20:00,23.31,53.98,48.18,16.4,66.07,211.5,6.732,5.94,8.0,114.58,1,1,62.54,nao
2026-03-17 12:21:00,22.78,-2.68,47.96,23.6,72.47,249.01,8.6545,7.01,8.0,108.72,1,1,68.15,nao
2026-03-17 12:22:00,24.64,-6.61,47.82,33.2,69.94,164.01,5.4853,9.21,2.0,139.52,1,1,35.04,nao
2026-03-17 12:23:00,22.45,-23.71,48.07,16.4,89.76,201.83,8.708,5.95,7.87,118.16,1,1,80.93,nao
2026-03-17 12:24:00,22.13,-36.58,47.61,12.4,61.34,237.74,6.943,26.27,2.0,127.53,1,1,15.54,nao
2026-03-17 12:25:00,22.82,46.16,48.85,14.8,82.8,224.08,9.0633,5.76,5.85,105.62,1,1,88.95,nao
2026-03-17 12:26:00,22.85,57.65,47.8,15.6,90.5,219.7,9.5047,6.05,2.15,119.42,1,1,92.24,nao
2026-03-17 12:27:00,23.18,-2.64,47.99,31.6,95.07,220.25,10.0479,8.93,2.0,101.1,1,1,66.16,nao
2026-03-17 12:28:00,25.76,5.07,47.64,43.6,73.68,185.95,6.5271,31.74,2.0,120.22,1,1,12.09,nao
2026-03-17 12:29:00,24.88,31.32,47.83,34.0,92.85,179.36,7.9647,9.38,2.0,138.56,1,1,49.93,nao
2026-03-17 12:30:00,22.17,47.07,48.44,16.4,64.43,230.94,7.207,5.97,8.0,115.37,1,1,66.68,nao
2026-03-17 12:31:00,22.66,18.93,49.54,15.6,93.86,231.01,10.7405,5.93,2.0,101.56,1,1,106.5,nao
2026-03-17 12:32:00,22.73,-0.41,48.16,15.6,65.1,236.71,7.4206,5.97,2.0,101.24,1,1,73.14,nao
2026-03-17 12:33:00,24.58,1.61,47.73,37.2,75.89,241.32,8.7408,9.89,2.0,115.52,1,1,51.97,nao
2026-03-17 12:34:00,23.66,28.78,42.66,30.8,91.89,201.13,7.8844,8.88,2.0,106.4,1,1,52.21,nao
2026-03-17 12:35:00,27.6,-37.69,47.01,77.2,66.0,200.15,6.21,29.44,2.0,100.93,1,1,12.4,nao
2026-03-17 12:36:00,24.35,21.48,48.21,36.4,69.17,229.83,7.6641,9.72,2.0,130.25,1,1,46.38,nao
2026-03-17 12:37:00,24.63,-3.87,49.13,31.6,88.89,215.0,9.3893,9.09,2.0,118.34,1,1,60.76,nao
2026-03-17 12:38:00,22.68,38.24,47.63,14.8,88.8,220.2,9.3135,5.81,2.0,89.19,1,1,94.26,nao
2026-03-17 12:39:00,23.94,-29.07,48.33,33.2,85.65,229.58,9.5029,9.25,2.0,136.0,1,1,60.42,nao
2026-03-17 12:40:00,22.88,18.47,48.62,15.6,87.76,239.0,10.1981,5.98,2.0,104.65,1,1,100.21,nao
2026-03-17 12:41:00,64.56,8.17,32.52,78.8,11.53,183.8,0.6892,40.8,34.61,43.94,1,0,0.66,sim
2026-03-17 12:42:00,23.12,23.66,48.1,17.2,70.07,187.56,6.3218,6.1,7.04,112.56,1,1,57.82,nao
2026-03-17 12:43:00,23.16,-31.77,47.75,32.4,73.83,159.4,5.6195,9.06,2.0,135.54,1,1,36.49,nao
2026-03-17 12:44:00,23.21,17.68,48.23,26.0,67.26,207.83,6.7417,7.78,3.92,124.12,1,1,49.97,nao
2026-03-17 12:45:00,27.12,15.9,47.21,77.2,96.34,153.59,6.9862,16.36,2.0,133.07,1,1,25.11,nao
2026-03-17 12:46:00,21.94,-37.11,48.58,17.2,83.34,196.56,7.958,6.17,7.42,139.36,1,1,71.65,nao
2026-03-17 12:47:00,22.99,19.93,48.53,14.8,76.03,204.26,7.5375,5.82,4.57,111.54,1,1,74.13,nao
2026-03-17 12:48:00,24.85,26.94,47.55,44.4,78.48,178.65,6.6666,11.16,2.0,138.45,1,1,35.12,nao
2026-03-17 12:49:00,22.5,39.28,48.83,14.0,97.89,209.08,9.9934,5.65,2.83,115.58,1,1,103.15,nao
2026-03-17 12:50:00,22.24,-12.1,47.91,13.2,66.13,153.05,4.8498,5.52,8.0,115.42,1,1,48.48,nao
2026-03-17 12:51:00,59.83,41.2,30.77,12.4,6.15,153.73,0.2909,48.91,33.1,49.8,0,1,0.24,sim
2026-03-17 12:52:00,24.44,9.83,48.56,37.2,80.24,232.26,9.0499,9.79,11.69,121.66,1,1,48.98,nao
2026-03-17 12:53:00,23.28,-30.6,48.66,30.8,84.46,186.02,7.6446,8.83,2.0,106.17,1,1,50.88,nao
2026-03-17 12:54:00,22.73,-32.38,48.34,12.4,60.72,162.71,4.7759,29.9,2.0,122.15,1,1,9.39,nao
2026-03-17 12:55:00,27.17,-5.91,43.62,71.6,94.88,202.22,8.3692,15.83,2.0,121.67,1,1,31.09,nao
2026-03-17 12:56:00,30.58,37.35,45.92,118.8,97.28,227.0,10.1417,23.72,2.0,130.48,1,1,25.14,nao
2026-03-17 12:57:00,22.34,29.94,48.81,16.4,82.61,171.58,6.9184,6.1,10.92,133.35,1,1,60.62,nao
2026-03-17 12:58:00,23.47,37.71,48.85,18.0,87.87,212.29,9.112,6.45,2.0,117.62,1,1,83.12,nao
2026-03-17 12:59:00,24.5,11.66,48.28,32.4,96.9,158.53,7.4166,9.14,12.44,112.09,1,1,42.63,nao
2026-03-17 13:00:00,22.49,4.26,48.93,18.0,54.31,155.17,4.1235,6.34,5.56,110.37,1,1,36.85,nao
2026-03-17 13:01:00,22.34,-23.84,48.13,15.6,66.1,203.14,6.4632,6.04,2.0,107.78,1,1,62.94,nao
2026-03-17 13:02:00,22.17,-6.49,48.1,14.0,83.05,204.06,8.1516,5.65,2.0,84.25,1,1,84.83,nao
2026-03-17 13:03:00,24.33,3.67,48.16,24.4,84.27,213.74,8.6745,7.59,11.24,113.7,1,1,60.87,nao
2026-03-17 13:04:00,22.53,-29.49,48.95,14.0,76.97,222.61,8.386,5.68,2.0,110.81,1,1,86.75,nao
2026-03-17 13:05:00,24.22,-16.82,47.28,32.4,89.46,247.59,10.4709,9.0,2.0,138.66,1,1,68.39,nao
2026-03-17 13:06:00,26.33,19.43,47.67,53.2,97.37,201.63,9.3589,12.63,10.35,122.31,1,1,39.86,nao
2026-03-17 13:07:00,22.58,32.62,48.62,14.8,97.02,182.3,8.5986,5.92,2.0,113.89,1,1,85.43,nao
2026-03-17 13:08:00,23.92,57.84,48.38,32.4,78.03,229.52,8.6653,9.09,2.0,123.22,1,1,56.04,nao
2026-03-17 13:09:00,22.2,51.58,48.29,13.2,64.53,177.08,5.5179,5.6,2.0,105.57,1,1,57.94,nao
2026-03-17 13:10:00,36.96,23.69,47.3,44.4,57.9,193.9,5.3103,11.04,2.0,117.76,1,1,28.28,nao
2026-03-17 13:11:00,23.95,2.44,48.7,31.6,93.56,157.85,7.192,8.94,2.0,125.05,1,1,47.29,nao
2026-03-17 13:12:00,23.47,23.07,47.78,22.0,64.99,152.54,4.7365,7.22,2.0,119.56,1,1,38.57,nao
2026-03-17 13:13:00,24.05,37.42,49.74,31.6,96.83,246.26,11.8609,9.05,2.0,116.07,1,1,77.06,nao
2026-03-17 13:14:00,22.9,-26.64,49.04,16.4,94.8,233.6,10.8604,6.07,2.0,139.75,1,1,105.13,nao
2026-03-17 13:15:00,22.91,1.35,48.13,23.6,80.75,219.6,8.5343,6.9,3.19,135.21,1,1,71.82,nao
2026-03-17 13:16:00,22.92,42.62,48.37,20.4,83.65,190.9,7.7243,6.75,5.46,124.94,1,1,64.89,nao
2026-03-17 13:17:00,21.2,-1.15,48.92,12.4,75.96,167.33,6.2184,5.4,2.0,122.78,1,1,67.76,nao
2026-03-17 13:18:00,63.35,-45.19,37.2,29.2,7.04,165.64,0.4338,40.84,32.69,46.87,0,1,0.43,sim
2026-03-17 13:19:00,22.49,18.43,49.56,13.2,73.41,175.02,6.3678,5.64,2.0,108.05,1,1,66.43,nao
2026-03-17 13:20:00,24.63,-20.29,48.09,33.2,53.48,204.92,5.2702,9.26,2.0,115.81,1,1,33.47,nao
2026-03-17 13:21:00,41.72,-3.23,48.27,17.2,60.19,221.46,6.4342,6.06,8.0,101.58,1,1,58.61,nao
2026-03-17 13:22:00,23.66,-5.89,49.19,17.2,73.34,216.02,7.7937,6.23,5.24,119.02,1,1,71.13,nao
2026-03-17 13:23:00,22.7,-35.49,48.92,19.6,75.93,177.99,6.6114,28.35,7.7,82.64,1,1,12.91,nao
2026-03-17 13:24:00,24.56,-38.63,47.06,32.4,81.5,245.49,9.4155,9.02,2.0,109.11,1,1,61.38,nao
2026-03-17 13:25:00,21.97,41.84,47.53,16.4,96.79,223.79,10.2953,5.98,2.0,71.74,1,1,101.23,nao
2026-03-17 13:26:00,22.76,-11.79,48.44,16.4,73.85,205.44,7.3494,5.91,8.0,136.38,1,1,68.62,nao
2026-03-17 13:27:00,29.79,11.74,47.21,105.2,55.35,211.17,5.518,21.63,2.0,128.89,1,1,15.0,nao
2026-03-17 13:28:00,21.95,-9.32,48.39,13.2,52.95,191.96,4.9185,5.53,8.0,121.34,1,1,49.1,nao
2026-03-17 13:29:00,23.08,52.31,48.55,10.8,78.09,174.77,6.6255,5.25,2.0,134.8,1,1,74.26,nao
2026-03-17 13:30:00,22.51,-13.11,48.44,17.2,68.98,185.6,6.2014,6.21,6.46,105.23,1,1,56.03,nao
2026-03-17 13:31:00,22.75,3.25,48.7,17.2,78.1,225.78,8.5874,6.29,2.0,131.62,1,1,80.28,nao
2026-03-17 13:32:00,22.98,-54.67,49.96,16.4,65.63,151.44,4.9655,6.09,6.08,104.99,1,1,45.95,nao
2026-03-17 13:33:00,22.73,42.83,48.59,16.4,67.06,161.61,5.2657,5.97,8.0,131.77,1,1,48.67,nao
2026-03-17 13:34:00,22.62,-20.13,48.85,16.4,79.93,154.6,6.0371,6.09,6.24,111.03,1,1,55.81,nao
2026-03-17 13:35:00,24.63,39.05,48.47,37.2,76.76,154.07,5.7326,9.9,2.0,135.08,1,1,34.04,nao
2026-03-17 13:36:00,40.33,5.99,48.65,34.8,96.59,235.55,11.0687,9.49,2.0,137.76,1,1,68.58,nao
2026-03-17 13:37:00,23.79,8.37,49.75,29.2,74.5,220.37,8.1671,8.64,2.0,105.95,1,1,55.61,nao
2026-03-17 13:38:00,22.56,-25.19,48.09,14.8,83.22,197.42,7.9014,5.91,2.0,118.51,1,1,78.59,nao
2026-03-17 13:39:00,23.32,-30.26,48.32,19.6,85.29,159.78,6.5848,6.6,3.37,139.24,1,1,57.88,nao
2026-03-17 13:40:00,24.2,31.88,48.19,29.2,60.52,199.16,5.8091,8.29,2.0,119.34,1,1,41.18,nao
2026-03-17 13:41:00,22.76,9.66,48.57,11.6,86.54,197.35,8.2958,5.34,2.0,134.54,1,1,91.42,nao
2026-03-17 13:42:00,25.06,3.94,47.37,42.0,67.12,167.32,5.3202,10.49,2.0,123.55,1,1,29.82,nao
2026-03-17 13:43:00,21.85,32.03,47.46,15.6,98.44,193.39,9.0359,5.85,4.23,115.01,1,1,88.82,nao
2026-03-17 13:44:00,26.92,35.49,47.45,56.4,65.95,189.85,5.941,13.2,9.07,111.43,1,1,24.56,nao
2026-03-17 13:45:00,21.95,-22.74,48.6,16.4,76.58,211.59,7.8749,6.06,2.0,108.13,1,1,76.46,nao
2026-03-17 13:46:00,22.67,20.58,48.79,16.4,63.41,213.51,6.6054,6.04,4.47,130.47,1,1,62.64,nao
2026-03-17 13:47:00,21.97,-25.01,47.83,14.0,99.87,154.53,7.3826,5.7,6.13,115.46,1,1,72.92,nao
2026-03-17 13:48:00,38.0,34.13,49.4,16.4,80.09,187.46,7.4168,6.13,2.0,120.45,1,1,71.14,nao
2026-03-17 13:49:00,22.42,25.07,48.14,13.2,83.82,212.59,8.5779,5.5,2.0,119.69,1,1,91.64,nao
2026-03-17 13:50:00,22.7,53.84,48.27,16.4,62.68,200.31,6.0614,6.08,2.0,123.09,1,1,58.62,nao
2026-03-17 13:51:00,24.42,-31.38,48.47,34.0,90.0,235.65,10.28,9.43,2.0,134.62,1,1,64.11,nao
2026-03-17 13:52:00,24.9,-32.52,48.29,33.2,68.4,215.87,7.1301,9.19,2.0,139.23,1,1,45.63,nao
2026-03-17 13:53:00,22.63,-10.91,48.89,14.8,95.92,166.29,7.7989,5.8,2.0,116.3,1,1,79.09,nao
2026-03-17 13:54:00,22.26,-12.88,49.47,14.0,68.21,157.06,5.2991,5.77,2.0,133.1,1,1,54.02,nao
2026-03-17 13:55:00,24.6,-14.29,48.64,33.2,67.63,214.24,7.0475,9.23,2.0,86.34,1,1,44.9,nao
2026-03-17 13:56:00,23.03,49.0,43.4,15.6,61.46,152.65,4.0717,5.88,3.32,122.94,1,1,40.17,nao
2026-03-17 13:57:00,25.13,-14.04,48.24,53.2,78.88,208.58,7.9367,12.49,2.0,138.24,1,1,37.35,nao
2026-03-17 13:58:00,22.96,-11.89,48.07,18.0,82.59,244.02,9.6878,6.31,10.52,108.02,1,1,82.43,nao
2026-03-17 13:59:00,23.43,34.9,48.26,22.8,62.63,207.55,6.273,7.16,4.5,104.37,1,1,50.2,nao
2026-03-17 14:00:00,22.4,5.18,48.02,16.4,91.02,188.82,8.2536,6.09,2.0,134.16,1,1,79.66,nao
2026-03-17 14:01:00,25.21,36.56,48.26,38.0,78.13,214.33,8.0822,10.05,2.0,117.57,1,1,47.28,nao
2026-03-17 14:02:00,24.12,-31.72,48.28,34.0,80.98,195.83,7.6564,9.39,2.0,133.88,1,1,47.96,nao
2026-03-17 14:03:00,22.65,8.81,47.96,17.2,77.63,204.56,7.616,6.17,2.0,81.86,1,1,72.58,nao
2026-03-17 14:04:00,25.1,-34.77,48.87,44.4,76.03,244.15,9.0708,11.37,2.0,102.5,1,1,46.93,nao
2026-03-17 14:05:00,24.51,-31.99,47.3,38.0,82.39,188.61,7.3495,10.0,2.0,135.34,1,1,43.2,nao
2026-03-17 14:06:00,21.78,49.02,48.17,14.0,66.21,246.12,7.8489,5.65,4.4,117.93,1,1,79.63,nao
2026-03-17 14:07:00,24.89,-24.63,47.74,50.0,67.28,240.54,7.7262,12.22,2.0,120.42,1,1,37.18,nao
2026-03-17 14:08:00,23.19,13.11,48.41,14.8,94.47,169.58,7.7548,5.79,2.0,125.06,1,1,78.73,nao
2026-03-17 14:09:00,23.3,1.47,47.73,29.2,97.84,156.94,7.3285,8.45,2.0,137.06,1,1,51.0,nao
2026-03-17 14:10:00,22.03,-4.66,48.19,16.4,74.93,160.08,5.7809,6.04,7.96,100.76,1,1,52.82,nao
2026-03-17 14:11:00,38.79,48.38,49.12,31.6,70.83,151.82,5.2821,9.05,2.0,119.07,1,1,34.32,nao
2026-03-17 14:12:00,22.16,-35.9,48.76,15.6,85.76,159.44,6.6669,5.97,2.0,127.51,1,1,65.71,nao
2026-03-17 14:13:00,25.08,25.72,48.36,51.6,76.35,218.3,8.0606,12.49,2.0,128.91,1,1,37.95,nao
2026-03-17 14:14:00,23.41,54.49,48.28,17.2,61.02,157.12,4.6288,6.18,5.74,127.7,1,1,42.39,nao
2026-03-17 14:15:00,25.09,15.78,48.6,38.8,66.25,181.9,5.8565,10.18,2.0,105.38,1,1,33.83,nao
2026-03-17 14:16:00,21.89,51.93,48.09,12.4,88.64,234.49,9.9954,5.47,2.0,111.98,1,1,107.48,nao
2026-03-17 14:17:00,28.37,-32.98,47.64,68.4,86.36,152.33,6.2663,15.49,2.0,114.35,1,1,23.79,nao
2026-03-17 14:18:00,63.99,2.2,35.73,33.2,11.57,231.45,0.9568,49.67,21.41,52.7,0,1,0.91,sim
2026-03-17 14:19:00,25.28,-13.02,47.98,48.4,68.88,178.19,5.8892,11.89,2.0,111.15,1,1,29.13,nao
2026-03-17 14:20:00,21.34,-43.12,48.19,16.4,55.37,161.82,4.3178,6.18,2.0,108.43,1,1,41.08,nao
2026-03-17 14:21:00,23.68,56.2,48.36,16.4,86.88,219.67,9.2295,6.07,11.12,138.3,1,1,81.09,nao
2026-03-17 14:22:00,21.63,-13.37,47.93,14.0,60.79,212.89,6.2034,5.65,2.0,100.35,1,1,64.58,nao
2026-03-17 14:23:00,39.36,24.8,48.2,15.6,64.16,237.75,7.3524,6.02,2.0,139.91,1,1,71.81,nao
2026-03-17 14:24:00,22.82,-53.92,48.0,13.2,92.0,223.51,9.8702,5.62,2.0,127.07,1,1,103.27,nao
2026-03-17 14:25:00,25.35,16.27,47.51,34.0,67.14,230.35,7.3482,9.25,2.0,133.14,1,1,46.69,nao
2026-03-17 14:26:00,23.88,6.54,48.22,22.8,86.11,178.2,7.3993,7.38,2.0,82.4,1,1,58.95,nao
2026-03-17 14:27:00,23.16,55.31,47.23,20.4,69.53,167.74,5.5079,6.76,3.93,100.57,1,1,46.94,nao
2026-03-17 14:28:00,24.24,-49.72,48.68,30.8,63.98,225.06,7.0096,8.88,2.0,129.51,1,1,46.41,nao
2026-03-17 14:29:00,22.73,-4.45,47.61,14.0,69.73,230.68,7.6577,5.6,3.58,133.37,1,1,79.11,nao
2026-03-17 14:30:00,25.02,-27.05,47.49,40.4,88.89,249.05,10.5126,10.28,2.0,129.62,1,1,60.13,nao
2026-03-17 14:31:00,24.4,-23.48,47.8,35.6,94.23,191.26,8.6147,9.52,2.0,76.48,1,1,53.21,nao
2026-03-17 14:32:00,24.19,-16.37,40.47,33.2,93.21,187.2,7.0616,9.28,2.0,130.14,1,1,44.74,nao
2026-03-17 14:33:00,29.02,-13.91,47.47,89.2,75.89,227.64,8.2012,19.09,2.0,130.76,1,1,25.26,nao
2026-03-17 14:34:00,22.1,43.66,40.1,15.6,86.72,184.08,6.4013,5.96,6.42,126.34,1,1,60.31,nao
2026-03-17 14:35:00,25.79,15.88,47.66,56.4,68.2,243.08,7.9012,12.86,2.0,130.64,1,1,36.13,nao
2026-03-17 14:36:00,26.51,12.25,48.48,70.0,71.73,235.84,8.2015,15.71,2.0,133.84,1,1,30.7,nao
2026-03-17 14:37:00,22.79,-26.98,49.45,19.6,95.85,192.9,9.143,6.68,14.14,124.54,1,1,70.51,nao
2026-03-17 14:38:00,21.77,-40.83,47.0,13.2,60.52,225.09,6.4025,5.53,2.0,103.54,1,1,68.08,nao
2026-03-17 14:39:00,22.02,31.39,44.61,16.4,63.42,225.45,6.3784,6.15,2.0,119.51,1,1,60.98,nao
2026-03-17 14:40:00,22.35,-31.5,48.33,14.0,68.32,160.31,5.293,5.52,8.0,103.11,1,1,52.91,nao
2026-03-17 14:41:00,23.25,29.95,48.65,17.2,61.06,240.26,7.1368,6.1,7.7,116.3,1,1,64.75,nao
2026-03-17 14:42:00,37.41,14.18,48.22,14.0,67.26,200.53,6.5037,5.65,4.87,116.28,1,1,65.7,nao
2026-03-17 14:43:00,26.03,-30.15,48.09,62.8,83.32,232.65,9.322,14.63,2.0,89.13,1,1,37.47,nao
2026-03-17 14:44:00,22.14,6.0,48.79,18.0,76.86,182.0,6.8246,6.27,5.41,113.95,1,1,61.82,nao
2026-03-17 14:45:00,23.43,8.53,48.64,20.4,95.71,239.55,11.1519,6.91,2.0,89.9,1,1,94.9,nao
2026-03-17 14:46:00,23.58,-22.09,48.31,32.4,92.7,188.92,8.4596,9.15,2.0,132.33,1,1,54.39,nao
2026-03-17 14:47:00,24.64,52.79,48.33,40.4,73.67,151.08,5.3799,10.5,2.0,137.91,1,1,30.12,nao
2026-03-17 14:48:00,24.29,43.6,48.16,32.4,70.38,240.54,8.1531,9.02,12.7,102.89,1,1,47.35,nao
2026-03-17 14:49:00,26.04,26.23,47.3,62.8,75.19,159.13,5.6587,14.04,2.0,138.2,1,1,23.7,nao
2026-03-17 14:50:00,26.45,6.38,48.53,58.0,83.61,181.93,7.3828,13.79,2.0,120.9,1,1,31.48,nao
2026-03-17 14:51:00,27.02,1.53,47.77,73.2,70.72,245.01,8.278,16.37,2.0,111.98,1,1,29.73,nao
2026-03-17 14:52:00,22.24,-48.65,48.68,16.4,84.97,245.06,10.1365,6.09,2.31,103.07,1,1,97.56,nao
2026-03-17 14:53:00,24.73,14.36,48.22,38.0,76.38,207.34,7.6368,10.14,2.0,120.02,1,1,44.3,nao
2026-03-17 14:54:00,23.23,-32.02,48.63,32.4,82.08,213.18,8.5099,9.06,2.0,131.78,1,1,55.22,nao
2026-03-17 14:55:00,22.44,11.2,48.63,12.4,77.45,194.84,7.3381,5.43,2.0,128.28,1,1,79.43,nao
2026-03-17 14:56:00,22.42,39.41,46.56,15.6,71.78,179.32,5.9924,5.86,8.0,102.01,1,1,56.47,nao
2026-03-17 14:57:00,23.26,6.09,48.86,20.4,97.94,182.87,8.751,6.97,11.45,102.92,1,1,66.71,nao
2026-03-17 14:58:00,41.75,-33.01,48.36,17.2,90.54,217.25,9.5123,6.1,7.25,116.11,1,1,86.78,nao
2026-03-17 14:59:00,24.45,37.48,47.64,29.2,65.6,225.24,7.039,8.54,2.0,111.81,1,1,48.47,nao
2026-03-17 15:00:00,22.64,-18.67,48.39,17.2,94.74,229.16,10.5055,6.16,7.77,109.3,1,1,94.31,nao
2026-03-17 15:01:00,24.49,-13.17,47.91,39.6,79.5,228.96,8.7205,10.41,2.0,111.24,1,1,49.25,nao
2026-03-17 15:02:00,22.63,-22.19,47.86,17.2,95.78,159.12,7.2943,6.15,5.33,132.14,1,1,67.42,nao
2026-03-17 15:03:00,22.84,-44.0,48.0,17.2,91.99,199.44,8.8063,6.15,7.46,137.17,1,1,79.51,nao
2026-03-17 15:04:00,22.46,34.65,48.3,14.8,77.01,155.76,5.7929,5.86,2.0,116.2,1,1,58.09,nao
2026-03-17 15:05:00,64.92,11.86,30.57,51.6,6.53,204.95,0.4091,53.85,34.06,59.21,0,1,0.3,sim
2026-03-17 15:06:00,22.74,-18.33,48.39,22.8,70.75,194.15,6.6465,7.18,2.0,112.86,1,1,54.4,nao
2026-03-17 15:07:00,23.7,-43.18,47.99,32.4,81.67,238.77,9.3582,9.06,2.0,119.06,1,1,60.74,nao
2026-03-17 15:08:00,21.51,46.44,48.02,12.4,85.34,185.09,7.5853,5.42,2.0,109.04,1,1,82.29,nao
2026-03-17 15:09:00,26.59,45.58,46.99,52.4,70.32,161.71,5.3434,12.42,2.0,125.62,1,1,25.29,nao
2026-03-17 15:10:00,23.54,-15.08,47.79,34.0,65.57,164.3,5.1485,9.33,12.38,139.16,1,1,29.01,nao
2026-03-17 15:11:00,22.24,5.32,47.77,18.8,93.4,226.15,10.0899,6.17,8.0,124.14,1,1,90.27,nao
2026-03-17 15:12:00,61.43,56.56,30.56,26.0,12.57,211.82,0.8137,48.79,28.51,52.44,1,0,0.72,sim
2026-03-17 15:13:00,25.35,36.11,48.01,42.8,81.03,160.11,6.2281,10.8,2.0,125.91,1,1,33.9,nao
2026-03-17 15:14:00,22.44,-35.39,48.7,17.2,66.87,158.41,5.159,6.18,4.47,104.92,1,1,47.88,nao
2026-03-17 15:15:00,25.29,-31.74,47.7,39.6,70.89,220.1,7.4424,10.33,2.0,135.55,1,1,42.37,nao
2026-03-17 15:16:00,28.32,6.54,44.59,84.4,60.74,157.28,4.2598,18.32,2.0,120.12,1,1,13.67,nao
2026-03-17 15:17:00,22.48,49.29,49.28,14.0,96.57,232.19,11.0494,5.67,2.0,117.97,1,1,114.55,nao
2026-03-17 15:18:00,24.36,13.72,47.81,40.4,64.71,220.62,6.8254,10.56,2.0,123.43,1,1,38.0,nao
2026-03-17 15:19:00,26.3,9.79,47.73,46.0,83.06,158.13,6.2692,11.46,2.0,124.99,1,1,32.16,nao
2026-03-17 15:20:00,23.9,-27.87,47.89,38.8,70.96,158.48,5.3856,9.99,11.37,102.87,1,1,28.67,nao
2026-03-17 15:21:00,22.95,25.05,47.88,18.8,82.17,248.66,9.7837,6.58,2.0,127.3,1,1,87.38,nao
2026-03-17 15:22:00,22.71,40.92,48.41,14.8,86.06,187.43,7.8079,5.78,6.98,109.68,1,1,75.39,nao
2026-03-17 15:23:00,22.9,-1.48,48.38,18.8,93.19,187.06,8.4337,6.39,2.0,78.65,1,1,77.61,nao
2026-03-17 15:24:00,22.32,36.46,47.5,14.8,68.26,231.28,7.4992,5.83,2.63,132.9,1,1,75.09,nao
2026-03-17 15:25:00,22.5,54.59,48.42,16.4,60.44,244.72,7.1622,6.12,2.0,132.16,1,1,68.79,nao
2026-03-17 15:26:00,22.44,-18.44,46.86,15.6,65.48,248.6,7.6268,5.83,7.98,122.1,1,1,72.25,nao
2026-03-17 15:27:00,22.26,12.24,49.03,14.0,96.0,225.34,10.6069,5.66,2.0,120.81,1,1,110.19,nao
2026-03-17 15:28:00,25.95,-10.43,48.59,48.4,94.96,187.63,8.6565,11.94,2.0,105.72,1,1,42.62,nao
2026-03-17 15:29:00,23.57,38.11,48.13,16.4,83.9,158.35,6.3946,5.92,8.0,131.01,1,1,59.59,nao
2026-03-17 15:30:00,24.29,17.45,48.02,38.0,84.02,227.71,9.1872,10.13,2.0,110.86,1,1,53.33,nao
2026-03-17 15:31:00,26.74,22.92,47.74,70.0,86.6,205.84,8.5098,15.85,2.0,119.87,1,1,31.56,nao
2026-03-17 15:32:00,22.83,38.6,48.36,21.2,67.01,192.42,6.2361,6.76,8.0,111.37,1,1,50.94,nao
2026-03-17 15:33:00,23.65,0.01,48.11,14.0,96.58,240.64,11.1806,5.71,2.0,105.35,1,1,115.05,nao
2026-03-17 15:34:00,62.9,49.85,32.78,11.6,8.14,161.12,0.4299,54.3,31.81,46.91,0,0,0.32,sim
2026-03-17 15:35:00,23.12,13.17,47.86,13.2,75.33,199.26,7.1836,5.61,2.0,102.17,1,1,75.35,nao
2026-03-17 15:36:00,25.28,-22.84,47.81,37.2,80.76,151.14,5.8348,9.89,2.0,129.95,1,1,34.69,nao
2026-03-17 15:37:00,24.1,28.81,48.68,35.6,61.88,196.87,5.9301,9.76,2.0,112.7,1,1,35.73,nao
2026-03-17 15:38:00,24.99,38.15,48.32,39.6,66.65,155.63,5.0122,10.41,2.0,100.01,1,1,28.32,nao
2026-03-17 15:39:00,36.03,-7.59,47.95,31.6,89.52,161.88,6.9487,8.97,2.0,120.45,1,1,45.55,nao
2026-03-17 15:40:00,23.89,44.29,47.94,33.2,33.52,161.75,2.5992,9.15,2.0,101.87,1,1,16.7,nao
2026-03-17 15:41:00,22.26,48.99,48.54,14.0,84.13,214.92,8.7755,5.73,2.0,111.05,1,1,90.02,nao
2026-03-17 15:42:00,22.26,-11.42,48.6,16.4,69.81,224.6,7.6214,6.1,2.0,128.28,1,1,73.42,nao
2026-03-17 15:43:00,21.89,56.42,48.1,14.0,56.95,208.34,5.707,5.8,2.0,102.51,1,1,57.86,nao
2026-03-17 15:44:00,22.14,-24.49,48.22,16.4,71.55,246.22,8.4939,5.94,8.0,133.57,1,1,78.99,nao
2026-03-17 15:45:00,23.49,-18.61,48.45,33.2,74.23,187.49,6.7423,9.21,2.0,100.15,1,1,43.04,nao
2026-03-17 15:46:00,24.12,-20.31,48.9,32.4,88.76,178.57,7.7514,9.21,2.0,109.87,1,1,49.51,nao
2026-03-17 15:47:00,22.05,47.82,49.38,15.6,71.88,236.86,8.4071,5.87,2.0,129.64,1,1,84.21,nao
2026-03-17 15:48:00,63.67,24.81,30.98,32.4,7.5,172.36,0.4005,48.5,30.93,50.03,1,0,0.34,sim
2026-03-17 15:49:00,23.17,-23.4,47.92,31.6,79.04,246.32,9.3303,8.89,2.0,104.08,1,1,61.68,nao
2026-03-17 15:50:00,40.37,-45.21,48.41,14.8,86.55,151.22,6.3359,5.85,2.0,114.41,1,1,63.68,nao
2026-03-17 15:51:00,22.74,21.07,48.77,13.2,97.47,246.99,11.7409,27.33,2.0,110.82,1,1,25.26,nao
2026-03-17 15:52:00,21.61,-29.99,49.93,16.4,89.3,154.32,6.8802,6.21,2.0,133.71,1,1,65.19,nao
2026-03-17 15:53:00,26.27,46.71,47.89,57.2,68.6,239.11,7.8546,13.16,2.0,112.53,1,1,35.09,nao
2026-03-17 15:54:00,23.14,39.15,48.55,15.6,61.25,202.77,6.0292,6.06,2.12,131.56,1,1,58.47,nao
2026-03-17 15:55:00,21.72,10.5,47.65,14.0,70.49,249.3,8.3739,5.64,2.0,135.67,1,1,87.27,nao
2026-03-17 15:56:00,25.29,-39.75,48.21,37.2,83.8,157.38,6.3581,9.91,2.0,117.35,1,1,37.73,nao
2026-03-17 15:57:00,22.59,2.11,47.99,14.8,62.06,205.39,6.1166,5.77,4.46,136.4,1,1,60.79,nao
2026-03-17 15:58:00,22.22,56.47,48.41,16.4,79.85,246.93,9.545,6.14,2.85,115.09,1,1,90.62,nao
2026-03-17 15:59:00,22.2,26.12,47.87,12.4,83.87,202.31,8.1228,5.45,2.0,138.56,1,1,87.64,nao
2026-03-17 16:00:00,37.34,22.93,48.03,18.0,73.37,212.94,7.5039,35.0,2.0,103.57,1,1,12.61,nao
2026-03-17 16:01:00,25.91,-22.07,47.82,53.2,90.84,219.57,9.5379,12.73,2.0,127.48,1,1,44.04,nao
2026-03-17 16:02:00,22.66,46.67,48.65,14.0,64.26,195.45,6.111,5.77,2.0,119.75,1,1,62.23,nao
2026-03-17 16:03:00,24.49,3.04,47.44,43.6,63.01,212.76,6.3587,10.9,2.0,115.51,1,1,34.31,nao
2026-03-17 16:04:00,23.06,-22.43,48.29,22.0,89.13,208.43,8.9712,6.95,4.03,125.31,1,1,74.33,nao
2026-03-17 16:05:00,22.33,-36.79,49.77,20.4,79.82,240.12,9.5397,7.06,2.0,128.15,1,1,79.41,nao
2026-03-17 16:06:00,64.09,15.74,35.44,21.2,7.52,154.54,0.4119,45.48,20.89,47.63,0,0,0.43,sim
2026-03-17 16:07:00,22.17,12.63,47.81,18.0,77.39,178.1,6.5904,6.25,2.0,106.68,1,1,62.02,nao
2026-03-17 16:08:00,23.02,31.06,48.15,26.0,69.86,245.04,8.2414,7.78,2.0,128.52,1,1,62.26,nao
2026-03-17 16:09:00,24.63,47.46,48.53,31.6,92.76,239.03,10.7597,9.01,2.0,126.66,1,1,70.19,nao
2026-03-17 16:10:00,23.03,-30.38,48.19,16.4,91.98,195.57,8.6685,5.98,8.0,138.64,1,1,80.04,nao
2026-03-17 16:11:00,39.91,32.22,48.63,20.4,32.19,212.01,3.3188,6.87,2.0,130.44,1,1,28.41,nao
2026-03-17 16:12:00,23.73,-20.01,44.59,35.6,70.89,177.74,5.6183,9.55,2.0,138.03,1,1,34.59,nao
2026-03-17 16:13:00,24.06,-51.0,47.63,34.8,83.61,168.81,6.7226,9.43,2.0,128.1,1,1,41.92,nao
2026-03-17 16:14:00,23.19,40.63,41.56,16.4,74.44,196.37,6.0752,6.17,2.57,111.92,1,1,57.56,nao
2026-03-17 16:15:00,22.45,13.92,48.23,14.0,63.66,185.34,5.6902,5.75,2.0,104.21,1,1,58.19,nao
2026-03-17 16:16:00,26.23,30.18,48.0,43.6,96.69,208.37,9.6708,11.13,2.0,131.27,1,1,51.08,nao
2026-03-17 16:17:00,22.82,-7.82,48.73,18.0,65.47,157.77,5.0339,6.25,5.24,125.77,1,1,45.77,nao
2026-03-17 16:18:00,28.0,7.23,47.73,75.6,98.01,247.44,11.5753,16.8,11.59,101.93,1,1,36.55,nao
2026-03-17 16:19:00,22.22,40.88,47.84,15.6,77.84,248.62,9.258,5.74,8.0,114.4,1,1,88.97,nao
